Turismo Misiones , http://turismomisiones.com.ar , 1
Turismo Misiones , http://www.turismo.gov.ar , 0
Turismo Misiones , http://www.misiones.tur.ar , 1
Turismo Misiones , http://www.cordobaturismo.gov.ar , 0
Turismo Misiones , http://www.argentina.tur.ar , 0
Turismo Misiones , http://www.infobae.com/turismo-a427 , 0
Turismo Misiones , http://www.argentina.travel/ , 0
Turismo Misiones , http://www.misiones.org.ar/turismo/visitar.htm , 1
Turismo Misiones , http://www.turismoparadisemisiones.com , 1
Turismo Misiones , http://www.conocermisiones.com.ar/ , 1
Turismo Misiones , http://www.visitemosmisiones.com/ , 1
Turismo Misiones , http://www.turismo.gba.gov.ar/ , 0
Turismo Misiones , http://www.misionesturismo.com.ar , 1
Turismo Misiones , http://www.neuquentur.gob.ar/ , 0
Turismo Misiones , https://www.buquebusturismo.com/ , 0
Turismo Misiones , http://www.apat.org.ar/ , 0
Turismo Misiones , http://www.turismosalta.gov.ar/ , 0
Turismo Misiones , http://www.cba.gov.ar/reparticion/agencia-cordoba-turismo/ , 0
